{
    "svm": {
        "accuracy": 0.5409836065573771,
        "precision": 0.0,
        "recall": 0.0,
        "f1_score": 0.0,
        "roc_auc": 0.9653679653679654,
        "sensitivity": 0.0,
        "specificity": 1.0,
        "confusion_matrix": [
            [
                33,
                0
            ],
            [
                28,
                0
            ]
        ]
    },
    "gradient_boosting": {
        "accuracy": 0.8524590163934426,
        "precision": 0.8275862068965517,
        "recall": 0.8571428571428571,
        "f1_score": 0.8421052631578947,
        "roc_auc": 0.9015151515151515,
        "sensitivity": 0.8571428571428571,
        "specificity": 0.8484848484848485,
        "confusion_matrix": [
            [
                28,
                5
            ],
            [
                4,
                24
            ]
        ]
    },
    "logistic_regression": {
        "accuracy": 0.8688524590163934,
        "precision": 0.8125,
        "recall": 0.9285714285714286,
        "f1_score": 0.8666666666666666,
        "roc_auc": 0.9577922077922079,
        "sensitivity": 0.9285714285714286,
        "specificity": 0.8181818181818182,
        "confusion_matrix": [
            [
                27,
                6
            ],
            [
                2,
                26
            ]
        ]
    },
    "random_forest": {
        "accuracy": 0.8852459016393442,
        "precision": 0.8387096774193549,
        "recall": 0.9285714285714286,
        "f1_score": 0.8813559322033899,
        "roc_auc": 0.95995670995671,
        "sensitivity": 0.9285714285714286,
        "specificity": 0.8484848484848485,
        "confusion_matrix": [
            [
                28,
                5
            ],
            [
                2,
                26
            ]
        ]
    }
}