{
    "model_name": "gradient_boosting",
    "model_type": "GradientBoostingClassifier",
    "best_params": {
        "learning_rate": 0.01,
        "max_depth": 3,
        "min_samples_leaf": 2,
        "min_samples_split": 2,
        "n_estimators": 50
    },
    "cv_score": 0.8756258234519103,
    "metrics": {
        "train_accuracy": 0.8760330578512396,
        "train_precision": 0.9175257731958762,
        "train_recall": 0.8018018018018018,
        "train_f1": 0.8557692307692307,
        "train_roc_auc": 0.9351832748779314,
        "test_accuracy": 0.8524590163934426,
        "test_precision": 0.8275862068965517,
        "test_recall": 0.8571428571428571,
        "test_f1": 0.8421052631578947,
        "test_roc_auc": 0.9015151515151515
    },
    "training_date": "2025-12-21 22:43:59"
}