{
    "model_name": "svm",
    "model_type": "SVC",
    "best_params": {
        "C": 0.1,
        "gamma": 0.001,
        "kernel": "rbf"
    },
    "cv_score": 0.8911714694323389,
    "metrics": {
        "train_accuracy": 0.5413223140495868,
        "train_precision": 0.0,
        "train_recall": 0.0,
        "train_f1": 0.0,
        "train_roc_auc": 0.9000756481672513,
        "test_accuracy": 0.5409836065573771,
        "test_precision": 0.0,
        "test_recall": 0.0,
        "test_f1": 0.0,
        "test_roc_auc": 0.9653679653679654
    },
    "training_date": "2025-12-26 02:42:19"
}