{
    "model_name": "random_forest",
    "model_type": "RandomForestClassifier",
    "best_params": {
        "max_depth": null,
        "max_features": "sqrt",
        "min_samples_leaf": 4,
        "min_samples_split": 2,
        "n_estimators": 100
    },
    "cv_score": 0.8933527020483542,
    "metrics": {
        "train_accuracy": 0.9090909090909091,
        "train_precision": 0.9405940594059405,
        "train_recall": 0.8558558558558559,
        "train_f1": 0.8962264150943395,
        "train_roc_auc": 0.979506223781033,
        "test_accuracy": 0.8852459016393442,
        "test_precision": 0.8387096774193549,
        "test_recall": 0.9285714285714286,
        "test_f1": 0.8813559322033899,
        "test_roc_auc": 0.95995670995671
    },
    "training_date": "2025-12-26 02:42:16"
}