{
    "model_name": "logistic_regression",
    "model_type": "LogisticRegression",
    "best_params": {
        "C": 0.1,
        "max_iter": 1000,
        "penalty": "l2",
        "solver": "liblinear"
    },
    "cv_score": 0.8917260678130244,
    "metrics": {
        "train_accuracy": 0.8388429752066116,
        "train_precision": 0.86,
        "train_recall": 0.7747747747747747,
        "train_f1": 0.8151658767772512,
        "train_roc_auc": 0.9165119317791074,
        "test_accuracy": 0.8688524590163934,
        "test_precision": 0.8125,
        "test_recall": 0.9285714285714286,
        "test_f1": 0.8666666666666666,
        "test_roc_auc": 0.9577922077922079
    },
    "training_date": "2025-12-26 02:42:00"
}